naim;sum_bal;sum_ost;expr1;expr2;expr3;expr4;expr5;expr6;expr7;expr8;expr9;expr10;expr11;expr12;expr13;expr14;expr15;expr16;expr17;expr18;expr19;expr20;expr21;expr22;expr23;expr24;expr25;expr26
Агинское - Дульдурга;1002601292,51;213605415,33;213605415,33;5289575,68;208315839,65;5289575,68;203026263,97;5289575,68;197736688,29;5289575,68;192447112,61;5289575,68;187157536,93;5289575,68;181867961,25;5289575,68;176578385,57;5289575,68;171288809,89;5289575,68;165999234,21;5289575,68;160709658,53;5289575,68;155420082,85;5289575,68;150130507,17;5289575,68
Агинское - Нижний Цасучей;1715643547,86;508738782,74;508738782,74;9738062,68;499000720,06;9738062,68;489262657,38;9738062,68;479524594,70;9738062,68;469786532,02;9738062,68;460048469,34;9738062,68;450310406,66;9738062,68;440572343,98;9738062,68;430834281,30;9738062,68;421096218,62;9738062,68;411358155,94;9738062,68;401620093,26;9738062,68;391882030,58;9738062,68
Александровский Завод - Журавлево - Маньково;2120579,00;350399,72;350399,72;5200,14;345199,58;5200,14;339999,44;5200,14;334799,30;5200,14;329599,16;5200,14;324399,02;5200,14;319198,88;5200,14;313998,74;5200,14;308798,60;5200,14;303598,46;5200,14;298398,32;5200,14;293198,18;5200,14;287998,04;5200,14
Александровский Завод - Красноярово - Трубачево;26001343,00;4605527,03;4605527,03;110486,02;4495041,01;110486,02;4384554,99;110486,02;4274068,97;110486,02;4163582,95;110486,02;4053096,93;110486,02;3942610,91;110486,02;3832124,89;110486,02;3721638,87;110486,02;3611152,85;107896,80;3503256,05;101313,65;3401942,40;101313,65;3300628,75;96642,26
Балей - Улятуй;33137367,17;0,00;0,00;0,00;0,00;0,00;0,00;0,00;0,00;0,00;0,00;0,00;0,00;0,00;0,00;0,00;0,00;0,00;0,00;0,00;0,00;0,00;0,00;0,00;0,00;0,00;0,00;0,00
Баляга - Катангар;25686332,53;900951,43;900951,43;19019,10;881932,33;19019,10;862913,23;19014,90;843898,33;18108,39;825789,94;17333,68;808456,26;17333,68;791122,58;17333,68;773788,90;17333,68;756455,22;17333,68;739121,54;17333,68;721787,86;17333,68;704454,18;17333,68;687120,50;17315,77
Баляга - Ямаровка;245415981,66;43918330,91;43918330,91;521663,34;43396667,57;518235,16;42878432,41;517065,01;42361367,40;429588,31;41931779,09;299587,24;41632191,85;299587,24;41332604,61;299587,24;41033017,37;299587,24;40733430,13;299587,24;40433842,89;299587,24;40134255,65;299587,24;39834668,41;299567,73;39535100,68;299172,59
Борзя - Соловьевск;86169633,50;42194,90;42194,90;4307,99;37886,91;4307,99;33578,92;4307,99;29270,93;4307,99;24962,94;4291,21;20671,73;3316,03;17355,70;1262,80;16092,90;1262,80;14830,10;1262,80;13567,30;1262,80;12304,50;1262,80;11041,70;1262,80;9778,90;1262,80
Бырка - Акша;199176348,88;34457568,50;34457568,50;316978,40;34140590,10;316978,40;33823611,70;316978,40;33506633,30;316978,40;33189654,90;316978,40;32872676,50;316978,40;32555698,10;316978,40;32238719,70;316978,40;31921741,30;316978,40;31604762,90;316978,40;31287784,50;316978,40;30970806,10;316978,40;30653827,70;316978,40
Бырка - Досатуй;28970978,25;662687,93;662687,93;12413,39;650274,54;12413,39;637861,15;12413,39;625447,76;12413,39;613034,37;12413,39;600620,98;12413,39;588207,59;12413,39;575794,20;12413,39;563380,81;12413,39;550967,42;12413,39;538554,03;12413,39;526140,64;12413,39;513727,25;12413,39
Верхний Шергольджин - Большая Речка;342814,00;7241,37;7241,37;153,31;7088,06;153,31;6934,75;153,31;6781,44;153,31;6628,13;153,31;6474,82;153,31;6321,51;153,31;6168,20;153,31;6014,89;153,31;5861,58;153,31;5708,27;153,31;5554,96;153,31;5401,65;153,31
Вершино-Дарасунский - Верх-Усугли;30957199,99;1321334,04;1321334,04;32334,06;1288999,98;32334,06;1256665,92;32334,06;1224331,86;32334,06;1191997,80;32334,06;1159663,74;32334,06;1127329,68;32334,06;1094995,62;32334,06;1062661,56;32334,06;1030327,50;32334,06;997993,44;32334,06;965659,38;32334,06;933325,32;32334,06
Газимурский Завод - Батакан - Зерен;301198074,00;66431205,16;66431205,16;1434317,26;64996887,90;1434317,26;63562570,64;1434317,26;62128253,38;1434317,26;60693936,12;1434317,26;59259618,86;1434317,26;57825301,60;1292181,30;56533120,30;779626,82;55753493,48;779626,82;54973866,66;779626,82;54194239,84;779626,82;53414613,02;779626,82;52634986,20;779626,82
Дарасун - Госграница с МНР;530835548,11;109619006,23;109619006,23;1658646,43;107960359,80;1658547,46;106301812,34;1657647,64;104644164,70;1654476,26;102989688,44;1652372,80;101337315,64;1651971,97;99685343,67;1651626,34;98033717,33;1646334,40;96387382,93;1539035,55;94848347,38;1538542,95;93309804,43;1534835,88;91774968,55;1533630,10;90241338,45;1533520,70
Дарасун - Солнцево;84326964,03;13421225,34;13421225,34;351486,45;13069738,89;351486,45;12718252,44;351486,45;12366765,99;351486,45;12015279,54;351486,45;11663793,09;351486,45;11312306,64;351486,45;10960820,19;351486,45;10609333,74;351486,45;10257847,29;351486,45;9906360,84;351486,45;9554874,39;351486,45;9203387,94;351486,45
Долгокыча - Калангуй;2906262,00;0,00;0,00;0,00;0,00;0,00;0,00;0,00;0,00;0,00;0,00;0,00;0,00;0,00;0,00;0,00;0,00;0,00;0,00;0,00;0,00;0,00;0,00;0,00;0,00;0,00;0,00;0,00
Единение - Цаган-Олуй - Кондуй;71261401,58;1772561,44;1772561,44;32849,47;1739711,97;32549,24;1707162,73;32547,85;1674614,88;32132,95;1642481,93;32011,41;1610470,52;31614,74;1578855,78;30606,99;1548248,79;29955,15;1518293,64;26487,42;1491806,22;26487,42;1465318,80;26487,42;1438831,38;26487,42;1412343,96;26487,42
Жиндокон - Хилкотой - Конкино;3023440,00;578350,60;578350,60;15622,41;562728,19;15622,41;547105,78;15622,41;531483,37;15622,41;515860,96;15622,41;500238,55;15622,41;484616,14;15622,41;468993,73;15622,41;453371,32;15622,41;437748,91;15622,41;422126,50;15622,41;406504,09;15622,41;390881,68;15622,41
Забайкальск - Приаргунск;99949303,15;6635844,10;6635844,10;117338,18;6518505,92;109385,25;6409120,67;109385,25;6299735,42;109385,25;6190350,17;106294,65;6084055,52;106247,20;5977808,32;106247,20;5871561,12;106247,20;5765313,92;106247,20;5659066,72;106247,20;5552819,52;106247,20;5446572,32;106247,20;5340325,12;106247,20
Закульта - граница с Бурятией;162583,88;0,00;0,00;0,00;0,00;0,00;0,00;0,00;0,00;0,00;0,00;0,00;0,00;0,00;0,00;0,00;0,00;0,00;0,00;0,00;0,00;0,00;0,00;0,00;0,00;0,00;0,00;0,00
Ивановка - Александровский Завод - Борзя;315093552,13;61240064,30;61240064,30;772673,47;60467390,83;772673,47;59694717,36;772673,47;58922043,89;772673,47;58149370,42;772673,47;57376696,95;772673,47;56604023,48;772673,47;55831350,01;772673,47;55058676,54;772538,38;54286138,16;772227,56;53513910,60;772091,87;52741818,73;772053,56;51969765,17;772053,56
Калангуй - Турга;2820386,00;0,00;0,00;0,00;0,00;0,00;0,00;0,00;0,00;0,00;0,00;0,00;0,00;0,00;0,00;0,00;0,00;0,00;0,00;0,00;0,00;0,00;0,00;0,00;0,00;0,00;0,00;0,00
Калга - Приаргунск;57561958,41;4717389,23;4717389,23;107927,68;4609461,55;100975,34;4508486,21;100975,34;4407510,87;100975,34;4306535,53;100975,34;4205560,19;100975,34;4104584,85;100975,34;4003609,51;100975,34;3902634,17;100842,93;3801791,24;100720,34;3701070,90;100720,34;3600350,56;100720,34;3499630,22;100720,34
Калинино - Волочаевка;16165176,00;393972,15;393972,15;7833,82;386138,33;7833,82;378304,51;7833,82;370470,69;7833,82;362636,87;7833,82;354803,05;7833,82;346969,23;7833,82;339135,41;7833,82;331301,59;7833,82;323467,77;7271,12;316196,65;4776,58;311420,07;3235,14;308184,93;3235,14
Карымская - Олентуй;13366569,36;840980,31;840980,31;30223,61;810756,70;30223,61;780533,09;30223,61;750309,48;30223,61;720085,87;30223,61;689862,26;30223,61;659638,65;30223,61;629415,04;30223,61;599191,43;30223,61;568967,82;30223,61;538744,21;30223,61;508520,60;30223,61;478296,99;30223,61
Кличка - Маргуцек;5258510,00;49708,64;49708,64;10094,33;39614,31;10094,33;29519,98;8565,78;20954,20;473,72;20480,48;473,72;20006,76;473,72;19533,04;473,72;19059,32;473,72;18585,60;473,72;18111,88;473,72;17638,16;473,72;17164,44;473,72;16690,72;473,72
Копунь - Малый Тонтой;656076,95;681,41;681,41;14,03;667,38;14,03;653,35;14,03;639,32;14,03;625,29;14,03;611,26;14,03;597,23;14,03;583,20;14,03;569,17;14,03;555,14;14,03;541,11;14,03;527,08;14,03;513,05;14,03
Коротково - Менза;53935726,00;4703571,48;4703571,48;137389,14;4566182,34;137389,14;4428793,20;137389,14;4291404,06;137389,14;4154014,92;137389,14;4016625,78;137389,14;3879236,64;137389,14;3741847,50;137389,14;3604458,36;137389,14;3467069,22;137389,14;3329680,08;137389,14;3192290,94;137389,14;3054901,80;137242,52
Краснокаменск - Досатуй;19539433,00;527893,81;527893,81;7103,24;520790,57;7103,24;513687,33;7103,24;506584,09;7103,24;499480,85;7103,24;492377,61;7103,24;485274,37;7103,24;478171,13;7103,24;471067,89;7103,24;463964,65;7103,24;456861,41;7103,24;449758,17;7103,24;442654,93;7103,24
Краснокаменск - Кайластуй;40848816,00;753274,97;753274,97;10425,35;742849,62;10425,35;732424,27;10425,35;721998,92;10425,35;711573,57;10425,35;701148,22;10425,35;690722,87;10425,35;680297,52;10425,35;669872,17;10425,35;659446,82;10425,35;649021,47;10425,35;638596,12;10425,35;628170,77;10425,35
Краснокаменск - Маргуцек - Ковыли;46594169,01;1284358,14;1284358,14;14871,24;1269486,90;14871,24;1254615,66;14871,24;1239744,42;14871,24;1224873,18;14871,24;1210001,94;14871,24;1195130,70;14871,24;1180259,46;14871,24;1165388,22;14871,24;1150516,98;14871,24;1135645,74;14871,24;1120774,50;14871,24;1105903,26;14871,24
Краснокаменск - Мациевская;2535451799,60;1849642321,62;1849642321,62;19386717,11;1830255604,51;19386715,95;1810868888,56;19386715,95;1791482172,61;19386715,95;1772095456,66;19386715,95;1752708740,71;19386715,95;1733322024,76;19386715,95;1713935308,81;19386715,95;1694548592,86;19386715,95;1675161876,91;19386715,95;1655775160,96;19386715,95;1636388445,01;19386696,41;1617001748,60;19386106,61
Красный Чикой - Архангельское;181768,00;3260,78;3260,78;69,04;3191,74;69,04;3122,70;69,04;3053,66;69,04;2984,62;69,04;2915,58;69,04;2846,54;69,04;2777,50;69,04;2708,46;69,04;2639,42;69,04;2570,38;69,04;2501,34;69,04;2432,30;69,04
Кудея - Большие Боты;43892809,41;406372,48;406372,48;18307,07;388065,41;18307,07;369758,34;18231,01;351527,33;18056,42;333470,91;18056,42;315414,49;18056,42;297358,07;16682,14;280675,93;12726,29;267949,64;12564,05;255385,59;12456,83;242928,76;12337,29;230591,47;12337,29;218254,18;12337,29
Кыра - Гавань;5783185,50;0,00;0,00;0,00;0,00;0,00;0,00;0,00;0,00;0,00;0,00;0,00;0,00;0,00;0,00;0,00;0,00;0,00;0,00;0,00;0,00;0,00;0,00;0,00;0,00;0,00;0,00;0,00
Кыра - Шумунда;48016158,12;14167499,70;14167499,70;122487,35;14045012,35;122487,35;13922525,00;122487,35;13800037,65;122487,35;13677550,30;122487,35;13555062,95;122487,35;13432575,60;122487,35;13310088,25;122487,35;13187600,90;121021,90;13066579,00;105798,12;12960780,88;105798,12;12854982,76;105798,12;12749184,64;105798,12
Малета - Пески;30201893,00;1116439,17;1116439,17;19818,32;1096620,85;19818,32;1076802,53;19818,32;1056984,21;19818,32;1037165,89;19818,32;1017347,57;19818,32;997529,25;19818,32;977710,93;19818,32;957892,61;19818,32;938074,29;19818,32;918255,97;19818,32;898437,65;19818,32;878619,33;19818,32
Малоархангельск - Урлук;50329038,71;2159146,85;2159146,85;44058,15;2115088,70;44058,15;2071030,55;44058,15;2026972,40;44058,15;1982914,25;44058,15;1938856,10;44058,15;1894797,95;44058,15;1850739,80;44058,15;1806681,65;44058,15;1762623,50;44058,15;1718565,35;44058,15;1674507,20;44058,15;1630449,05;44058,15
Мангут - Кыра;63696202,26;576859,77;576859,77;7914,17;568945,60;7914,17;561031,43;7914,17;553117,26;7914,17;545203,09;7914,17;537288,92;7914,17;529374,75;7914,17;521460,58;7914,17;513546,41;7914,17;505632,24;7914,17;497718,07;7914,17;489803,90;7914,17;481889,73;7914,17
Могойтуй - Боржигантай;12805548,00;89170,04;89170,04;1095,65;88074,39;1095,65;86978,74;1095,65;85883,09;1095,65;84787,44;1095,65;83691,79;1095,65;82596,14;1095,65;81500,49;1095,65;80404,84;1095,65;79309,19;1095,65;78213,54;1095,65;77117,89;1095,65;76022,24;1095,65
Могойтуй - Догой;11284574,00;368873,10;368873,10;23936,44;344936,66;23936,44;321000,22;23936,44;297063,78;23936,44;273127,34;23936,44;249190,90;23936,44;225254,46;23936,44;201318,02;19667,43;181650,59;2116,36;179534,23;2116,36;177417,87;2116,36;175301,51;2116,36;173185,15;2116,36
Могойтуй - Сретенск - Олочи;3002898209,58;1503551980,65;1503551980,65;14681993,68;1488869986,97;14461744,64;1474408242,33;14445489,23;1459962753,10;14370355,35;1445592397,75;14328477,16;1431263920,59;14328477,16;1416935443,43;14328477,16;1402606966,27;14328372,85;1388278593,42;14324072,14;1373954521,28;14322893,06;1359631628,22;14322893,06;1345308735,16;14322893,06;1330985842,10;14322872,54
Могойтуй - Убур-Тохтор - Акша;9558508,00;957721,71;957721,71;26347,34;931374,37;26347,34;905027,03;26347,34;878679,69;26347,34;852332,35;26347,34;825985,01;26347,34;799637,67;26347,34;773290,33;23832,83;749457,50;13595,70;735861,80;13033,58;722828,22;11604,12;711224,10;11561,50;699662,60;11527,34
Могойтуй - Ушарбай;2591412,00;13464,04;13464,04;573,58;12890,46;573,58;12316,88;573,58;11743,30;573,58;11169,72;573,58;10596,14;563,04;10033,10;436,61;9596,49;436,61;9159,88;379,33;8780,55;375,72;8404,83;375,72;8029,11;375,72;7653,39;375,72
Могоча - Тупик;54210970,00;2359592,51;2359592,51;51707,00;2307885,51;51706,89;2256178,62;51706,89;2204471,73;51145,27;2153326,46;49905,07;2103421,39;49856,08;2053565,31;49794,77;2003770,54;49768,04;1954002,50;49760,64;1904241,86;49747,57;1854494,29;49742,04;1804752,25;48030,05;1756722,20;47645,76
Молодежный - Досатуй;32602500,00;173562,41;173562,41;3628,53;169933,88;3628,53;166305,35;3628,53;162676,82;3628,53;159048,29;3628,53;155419,76;3628,53;151791,23;3628,53;148162,70;3628,53;144534,17;3628,53;140905,64;3628,53;137277,11;3628,53;133648,58;3628,53;130020,05;3628,53
Нерчинск - Шоноктуй;272564097,00;26603712,11;26603712,11;344433,02;26259279,09;344433,02;25914846,07;344423,71;25570422,36;343940,90;25226481,46;343857,58;24882623,88;343416,48;24539207,40;342355,70;24196851,70;342355,70;23854496,00;342355,70;23512140,30;339701,48;23172438,82;337303,01;22835135,81;337303,01;22497832,80;337303,01
Нерчинский Завод - Булдуруй 1-й;12655654,00;270752,28;270752,28;2786,56;267965,72;2786,56;265179,16;2786,56;262392,60;2786,56;259606,04;2786,56;256819,48;2786,56;254032,92;2786,56;251246,36;2786,56;248459,80;2786,56;245673,24;2786,56;242886,68;2786,56;240100,12;2786,56;237313,56;2786,56
Нерчинский Завод - Уровские Ключи;21110466,00;11146,19;11146,19;256,05;10890,14;256,05;10634,09;256,05;10378,04;256,05;10121,99;256,05;9865,94;256,05;9609,89;256,05;9353,84;256,05;9097,79;256,05;8841,74;256,05;8585,69;256,05;8329,64;256,05;8073,59;256,05
Нижний Цасучей - Кулусутай;23664394,02;11894,06;11894,06;147,22;11746,84;147,22;11599,62;147,22;11452,40;147,22;11305,18;147,22;11157,96;147,22;11010,74;147,22;10863,52;147,22;10716,30;147,22;10569,08;147,22;10421,86;147,22;10274,64;147,22;10127,42;147,22
Новая Кука - Могзон - Хилок;289955124,67;96891474,01;96891474,01;1480217,64;95411256,37;1480217,64;93931038,73;1480217,64;92450821,09;1480217,64;90970603,45;1480217,64;89490385,81;1480217,64;88010168,17;1480217,64;86529950,53;1480217,64;85049732,89;1480217,64;83569515,25;1480217,64;82089297,61;1480217,64;80609079,97;1480217,64;79128862,33;1478155,34
Новопавловка - Зугмара;14979443,00;6231337,08;6231337,08;61997,68;6169339,40;61997,68;6107341,72;61997,68;6045344,04;61997,68;5983346,36;61997,68;5921348,68;61997,68;5859351,00;61997,68;5797353,32;61997,68;5735355,64;61997,68;5673357,96;61997,68;5611360,28;61997,68;5549362,60;61997,68;5487364,92;61997,68
Новопавловка - Толбага;6404234,96;1694,14;1694,14;1694,14;0,00;0,00;0,00;0,00;0,00;0,00;0,00;0,00;0,00;0,00;0,00;0,00;0,00;0,00;0,00;0,00;0,00;0,00;0,00;0,00;0,00;0,00;0,00;0,00
Обход г. Чита;84858683,55;57575467,84;57575467,84;216570,68;57358897,16;216570,68;57142326,48;216570,68;56925755,80;216570,68;56709185,12;216570,68;56492614,44;216570,68;56276043,76;216570,68;56059473,08;216570,68;55842902,40;216570,68;55626331,72;216570,68;55409761,04;216570,68;55193190,36;216570,68;54976619,68;216570,68
Олочи - Аргунск;10933776,00;121144,52;121144,52;1304,46;119840,06;1304,46;118535,60;1304,46;117231,14;1304,46;115926,68;1304,46;114622,22;1304,46;113317,76;1304,46;112013,30;1304,46;110708,84;1304,46;109404,38;1304,46;108099,92;1304,46;106795,46;1304,46;105491,00;1304,46
Ононск - Единение;52081679,54;1420619,60;1420619,60;35993,30;1384626,30;32615,91;1352010,39;32615,91;1319394,48;32615,91;1286778,57;32615,91;1254162,66;32615,91;1221546,75;32615,91;1188930,84;32615,91;1156314,93;32615,91;1123699,02;32615,91;1091083,11;32615,91;1058467,20;32615,91;1025851,29;32615,91
Ононск - Оловянная;4409573,00;664509,82;664509,82;13941,95;650567,87;13941,95;636625,92;13941,95;622683,97;13941,95;608742,02;13941,95;594800,07;13941,95;580858,12;13941,95;566916,17;13941,95;552974,22;13941,95;539032,27;13941,95;525090,32;13941,95;511148,37;13941,95;497206,42;13941,95
Первомайск - Боржигонтай;86263582,00;966519,87;966519,87;45902,40;920617,47;45902,40;874715,07;29403,59;845311,48;8916,95;836394,53;8916,95;827477,58;8916,95;818560,63;8916,95;809643,68;8916,95;800726,73;8916,95;791809,78;8916,95;782892,83;8916,95;773975,88;8916,95;765058,93;8916,95
Первомайск - Шиванда;11220674,00;0,00;0,00;0,00;0,00;0,00;0,00;0,00;0,00;0,00;0,00;0,00;0,00;0,00;0,00;0,00;0,00;0,00;0,00;0,00;0,00;0,00;0,00;0,00;0,00;0,00;0,00;0,00
Передняя Бырка - Биликтуй;1691354,44;48464,36;48464,36;1283,94;47180,42;1283,94;45896,48;1283,94;44612,54;1283,94;43328,60;1283,94;42044,66;1283,94;40760,72;1283,94;39476,78;1283,94;38192,84;1283,94;36908,90;1283,94;35624,96;1283,94;34341,02;1283,94;33057,08;1283,94
Петровск-Забайкальский - Кижа;8104673,23;5949,32;5949,32;204,94;5744,38;204,94;5539,44;204,94;5334,50;204,94;5129,56;204,94;4924,62;204,94;4719,68;204,94;4514,74;204,94;4309,80;204,94;4104,86;204,94;3899,92;204,94;3694,98;204,94;3490,04;204,94
Подъезд к г. Могоча;337245650,00;77198131,72;77198131,72;2692958,14;74505173,58;2692958,14;71812215,44;2692958,14;69119257,30;2692958,14;66426299,16;2692958,14;63733341,02;2692958,14;61040382,88;2692958,14;58347424,74;2692958,14;55654466,60;2692958,14;52961508,46;2692958,14;50268550,32;2692958,14;47575592,18;2692958,14;44882634,04;2692958,14
Подъезд к г. Нерчинск;963792481,54;854154801,56;854154801,56;4826386,78;849328414,78;4821061,55;844507353,23;4811042,95;839696310,28;4811042,95;834885267,33;4811042,95;830074224,38;4811042,95;825263181,43;4811042,95;820452138,48;4811042,95;815641095,53;4811042,95;810830052,58;4811042,95;806019009,63;4811042,95;801207966,68;4811042,95;796396923,73;4811042,95
Подъезд к г. Петровск-Забайкальский;1803045,00;0,00;0,00;0,00;0,00;0,00;0,00;0,00;0,00;0,00;0,00;0,00;0,00;0,00;0,00;0,00;0,00;0,00;0,00;0,00;0,00;0,00;0,00;0,00;0,00;0,00;0,00;0,00
Подъезд к г. Хилок;1338430,00;0,00;0,00;0,00;0,00;0,00;0,00;0,00;0,00;0,00;0,00;0,00;0,00;0,00;0,00;0,00;0,00;0,00;0,00;0,00;0,00;0,00;0,00;0,00;0,00;0,00;0,00;0,00
Подъезд к г. Чита;39504691,38;4434024,08;4434024,08;211513,46;4222510,62;211513,46;4010997,16;211513,46;3799483,70;211513,46;3587970,24;211513,46;3376456,78;206147,45;3170309,33;142410,49;3027898,84;142410,49;2885488,35;142410,49;2743077,86;142410,49;2600667,37;142410,49;2458256,88;142410,49;2315846,39;142410,49
Подъезд к г. Шилка;273624,00;0,00;0,00;0,00;0,00;0,00;0,00;0,00;0,00;0,00;0,00;0,00;0,00;0,00;0,00;0,00;0,00;0,00;0,00;0,00;0,00;0,00;0,00;0,00;0,00;0,00;0,00;0,00
Подъезд к источнику Алханай;843948628,28;678181244,97;678181244,97;4408163,40;673773081,57;4408163,40;669364918,17;4408163,40;664956754,77;4408163,40;660548591,37;4408163,40;656140427,97;4408163,40;651732264,57;4408163,40;647324101,17;4408163,40;642915937,77;4408163,40;638507774,37;4408163,40;634099610,97;4408163,40;629691447,57;4408163,40;625283284,17;4408163,40
Подъезд к курорту Ургучан;1230910,00;0,00;0,00;0,00;0,00;0,00;0,00;0,00;0,00;0,00;0,00;0,00;0,00;0,00;0,00;0,00;0,00;0,00;0,00;0,00;0,00;0,00;0,00;0,00;0,00;0,00;0,00;0,00
Подъезд к н. п. Солонечный;2546633,00;54821,98;54821,98;519,59;54302,39;519,59;53782,80;519,59;53263,21;519,59;52743,62;519,59;52224,03;519,59;51704,44;519,59;51184,85;519,59;50665,26;519,59;50145,67;519,59;49626,08;519,59;49106,49;519,59;48586,90;519,59
Подъезд к п. Могойтуй;74942552,35;70423354,03;70423354,03;308874,36;70114479,67;308874,36;69805605,31;308874,36;69496730,95;308874,36;69187856,59;308874,36;68878982,23;308874,36;68570107,87;308874,36;68261233,51;308874,36;67952359,15;308874,36;67643484,79;308874,36;67334610,43;308874,36;67025736,07;308874,36;66716861,71;308874,36
Подъезд к п. Новоширокинский;5303116,00;178565,18;178565,18;5827,06;172738,12;5827,06;166911,06;5827,06;161084,00;5827,06;155256,94;5827,06;149429,88;5827,06;143602,82;5827,06;137775,76;5827,06;131948,70;5827,06;126121,64;5827,06;120294,58;5827,06;114467,52;5827,06;108640,46;5827,06
Подъезд к п. Песчанка;611634099,30;351991233,42;351991233,42;5000329,11;346990904,31;5000329,11;341990575,20;5000329,11;336990246,09;5000329,11;331989916,98;5000329,11;326989587,87;5000329,11;321989258,76;5000329,11;316988929,65;5000329,11;311988600,54;5000329,11;306988271,43;5000329,11;301987942,32;5000329,11;296987613,21;5000329,11;291987284,10;5000329,11
Подъезд к п. Пограничный;927100,77;0,00;0,00;0,00;0,00;0,00;0,00;0,00;0,00;0,00;0,00;0,00;0,00;0,00;0,00;0,00;0,00;0,00;0,00;0,00;0,00;0,00;0,00;0,00;0,00;0,00;0,00;0,00
Подъезд к п. ст. Адриановка;6803749,94;133245,16;133245,16;3939,13;129306,03;3939,13;125366,90;3939,13;121427,77;3939,13;117488,64;3939,13;113549,51;3939,13;109610,38;3939,13;105671,25;3939,13;101732,12;3939,13;97792,99;3939,13;93853,86;3939,13;89914,73;3939,13;85975,60;3939,13
Подъезд к п. ст. Жипхеген;2818840,00;0,00;0,00;0,00;0,00;0,00;0,00;0,00;0,00;0,00;0,00;0,00;0,00;0,00;0,00;0,00;0,00;0,00;0,00;0,00;0,00;0,00;0,00;0,00;0,00;0,00;0,00;0,00
Подъезд к пгт Амазар;49680422,22;5236966,36;5236966,36;413444,74;4823521,62;413444,74;4410076,88;413444,74;3996632,14;413444,74;3583187,40;413444,74;3169742,66;413444,74;2756297,92;413444,74;2342853,18;413444,74;1929408,44;413444,74;1515963,70;413444,74;1102518,96;413444,74;689074,22;413444,74;275629,48;275629,48
Подъезд к пгт Вершино-Дарасунский;17132157,35;97869,91;97869,91;3703,34;94166,57;1470,76;92695,81;1470,76;91225,05;1470,76;89754,29;1470,76;88283,53;1470,76;86812,77;1470,76;85342,01;1451,59;83890,42;1450,56;82439,86;1450,56;80989,30;1450,56;79538,74;1450,56;78088,18;1450,56
Подъезд к пгт Дровяная;18737550,00;216832,73;216832,73;10664,03;206168,70;10664,03;195504,67;10664,03;184840,64;10664,03;174176,61;10664,03;163512,58;10664,03;152848,55;10664,03;142184,52;10664,03;131520,49;10664,03;120856,46;10664,03;110192,43;10664,03;99528,40;10664,03;88864,37;10664,03
Подъезд к пгт Кокуй;1269250,00;15152,73;15152,73;1508,83;13643,90;1508,83;12135,07;1508,83;10626,24;1508,83;9117,41;1508,83;7608,58;1508,83;6099,75;1508,83;4590,92;1285,96;3304,96;386,50;2918,46;386,50;2531,96;386,50;2145,46;386,50;1758,96;386,50
Подъезд к пгт Новая Чара;3586029,67;0,00;0,00;0,00;0,00;0,00;0,00;0,00;0,00;0,00;0,00;0,00;0,00;0,00;0,00;0,00;0,00;0,00;0,00;0,00;0,00;0,00;0,00;0,00;0,00;0,00;0,00;0,00
Подъезд к пгт Орловский;35276978,46;11355419,05;11355419,05;159873,59;11195545,46;159873,59;11035671,87;159873,59;10875798,28;159873,59;10715924,69;159873,59;10556051,10;159873,59;10396177,51;159873,59;10236303,92;159873,59;10076430,33;159873,59;9916556,74;159873,59;9756683,15;159873,59;9596809,56;159873,59;9436935,97;159873,59
Подъезд к пгт Холбон;371208,00;106900,36;106900,36;1948,22;104952,14;1948,22;103003,92;1948,22;101055,70;1948,22;99107,48;1948,22;97159,26;1948,22;95211,04;1948,22;93262,82;1948,22;91314,60;1948,22;89366,38;1948,22;87418,16;1948,22;85469,94;1948,22;83521,72;1948,22
Подъезд к пгт Шерловая Гора;2563781,00;17516,58;17516,58;423,13;17093,45;423,13;16670,32;423,13;16247,19;423,13;15824,06;423,13;15400,93;423,13;14977,80;423,13;14554,67;423,13;14131,54;423,13;13708,41;423,13;13285,28;423,13;12862,15;423,13;12439,02;423,13
Подъезд к пгт. Дарасун;31857341,00;0,00;0,00;0,00;0,00;0,00;0,00;0,00;0,00;0,00;0,00;0,00;0,00;0,00;0,00;0,00;0,00;0,00;0,00;0,00;0,00;0,00;0,00;0,00;0,00;0,00;0,00;0,00
Подъезд к пгт. Кличка;4324087,20;345943,56;345943,56;11608,78;334334,78;11608,78;322726,00;11608,78;311117,22;11608,78;299508,44;11608,78;287899,66;11608,78;276290,88;11608,78;264682,10;11608,78;253073,32;11608,78;241464,54;11608,78;229855,76;9849,58;220006,18;4440,87;215565,31;4440,87
Подъезд к пгт. Ключевский;641956006,68;510779762,75;510779762,75;5229682,83;505550079,92;5229682,83;500320397,09;5229682,83;495090714,26;5229682,83;489861031,43;5229682,83;484631348,60;5229682,83;479401665,77;5229682,83;474171982,94;5229682,83;468942300,11;5229682,83;463712617,28;5229682,83;458482934,45;5229682,83;453253251,62;5229682,83;448023568,79;5229682,83
Подъезд к пгт. Ясногорск;6,00;0,00;0,00;0,00;0,00;0,00;0,00;0,00;0,00;0,00;0,00;0,00;0,00;0,00;0,00;0,00;0,00;0,00;0,00;0,00;0,00;0,00;0,00;0,00;0,00;0,00;0,00;0,00
Подъезд к с. Абагайтуй;4636731,00;43607,28;43607,28;1809,69;41797,59;1809,69;39987,90;1809,69;38178,21;1809,69;36368,52;1809,69;34558,83;1809,69;32749,14;1809,69;30939,45;1809,69;29129,76;1809,69;27320,07;1809,69;25510,38;1809,69;23700,69;1809,69;21891,00;1809,69
Подъезд к с. Акша;6927249,00;1527287,21;1527287,21;26844,62;1500442,59;26844,62;1473597,97;26844,62;1446753,35;26844,62;1419908,73;26844,62;1393064,11;26844,62;1366219,49;26844,62;1339374,87;26844,62;1312530,25;26844,62;1285685,63;26844,62;1258841,01;26844,62;1231996,39;26844,62;1205151,77;26844,62
Подъезд к с. Алия;2923799,00;52438,68;52438,68;832,43;51606,25;832,43;50773,82;832,43;49941,39;832,43;49108,96;832,43;48276,53;832,43;47444,10;832,43;46611,67;832,43;45779,24;832,43;44946,81;832,43;44114,38;832,43;43281,95;832,43;42449,52;832,43
Подъезд к с. Ара-Иля;9435323,00;352422,77;352422,77;13187,91;339234,86;6853,84;332381,02;6853,84;325527,18;6853,84;318673,34;6853,84;311819,50;6853,84;304965,66;6853,84;298111,82;6853,84;291257,98;6853,84;284404,14;6853,84;277550,30;6853,84;270696,46;6853,84;263842,62;6853,84
Подъезд к с. Арахлей;1265984,10;0,00;0,00;0,00;0,00;0,00;0,00;0,00;0,00;0,00;0,00;0,00;0,00;0,00;0,00;0,00;0,00;0,00;0,00;0,00;0,00;0,00;0,00;0,00;0,00;0,00;0,00;0,00
Подъезд к с. Арта;9554117,00;57302,84;57302,84;1123,02;56179,82;1123,02;55056,80;1123,02;53933,78;1123,02;52810,76;1123,02;51687,74;1123,02;50564,72;1123,02;49441,70;1123,02;48318,68;1123,02;47195,66;1123,02;46072,64;1123,02;44949,62;1123,02;43826,60;1123,02
Подъезд к с. Бада;1299024,00;0,00;0,00;0,00;0,00;0,00;0,00;0,00;0,00;0,00;0,00;0,00;0,00;0,00;0,00;0,00;0,00;0,00;0,00;0,00;0,00;0,00;0,00;0,00;0,00;0,00;0,00;0,00
Подъезд к с. Байгул;11689652,00;647010,39;647010,39;14255,05;632755,34;14255,05;618500,29;14255,05;604245,24;14255,05;589990,19;14255,05;575735,14;14255,05;561480,09;14255,05;547225,04;14255,05;532969,99;14255,05;518714,94;14255,05;504459,89;14255,05;490204,84;14255,05;475949,79;14255,05
Подъезд к с. Байхор;19089,00;626,27;626,27;13,26;613,01;13,26;599,75;13,26;586,49;13,26;573,23;13,26;559,97;13,26;546,71;13,26;533,45;13,26;520,19;13,26;506,93;13,26;493,67;13,26;480,41;13,26;467,15;13,26
Подъезд к с. Бальзино;2319664,00;0,00;0,00;0,00;0,00;0,00;0,00;0,00;0,00;0,00;0,00;0,00;0,00;0,00;0,00;0,00;0,00;0,00;0,00;0,00;0,00;0,00;0,00;0,00;0,00;0,00;0,00;0,00
Подъезд к с. Беклемишево;284038189,14;37822851,23;37822851,23;1262530,55;36560320,68;1262530,55;35297790,13;1262530,55;34035259,58;1262530,55;32772729,03;906503,36;31866225,67;812061,87;31054163,80;812034,10;30242129,70;811735,71;29430393,99;811735,71;28618658,28;811735,71;27806922,57;811735,71;26995186,86;811735,71;26183451,15;811735,71
Подъезд к с. Бишигино;3924415,00;26554,26;26554,26;1346,04;25208,22;1346,04;23862,18;1346,04;22516,14;1346,04;21170,10;1346,04;19824,06;1346,04;18478,02;1346,04;17131,98;1346,04;15785,94;1346,04;14439,90;1346,04;13093,86;1346,04;11747,82;1346,04;10401,78;1346,04
Подъезд к с. Будулан;1465362,00;23501,26;23501,26;7995,11;15506,15;7995,11;7511,04;7511,04;0,00;0,00;0,00;0,00;0,00;0,00;0,00;0,00;0,00;0,00;0,00;0,00;0,00;0,00;0,00;0,00;0,00;0,00;0,00;0,00
Подъезд к с. Буйлэсан;11889990,00;4601,32;4601,32;57,36;4543,96;57,36;4486,60;57,36;4429,24;57,36;4371,88;57,36;4314,52;57,36;4257,16;57,36;4199,80;57,36;4142,44;57,36;4085,08;57,36;4027,72;57,36;3970,36;57,36;3913,00;57,36
Подъезд к с. Бура;15975715,00;3320806,47;3320806,47;82847,15;3237959,32;82847,15;3155112,17;82847,15;3072265,02;82847,15;2989417,87;82847,15;2906570,72;82847,15;2823723,57;82847,15;2740876,42;82847,15;2658029,27;82847,15;2575182,12;82847,15;2492334,97;82847,15;2409487,82;82847,15;2326640,67;82847,15
Подъезд к с. Васильевский Хутор;1726000,00;195607,40;195607,40;2887,50;192719,90;2887,50;189832,40;2887,50;186944,90;2887,50;184057,40;2887,50;181169,90;2887,50;178282,40;2887,50;175394,90;2887,50;172507,40;2887,50;169619,90;2887,50;166732,40;2887,50;163844,90;2887,50;160957,40;2887,50
Подъезд к с. Верхние Ключи;2569548,00;47633,94;47633,94;3881,98;43751,96;3881,98;39869,98;2592,11;37277,87;2228,38;35049,49;2228,38;32821,11;2228,38;30592,73;2228,38;28364,35;2228,38;26135,97;2228,38;23907,59;2228,38;21679,21;2228,38;19450,83;2228,38;17222,45;2228,38
Подъезд к с. Вершино-Шахтаминский;4520086,00;350030,39;350030,39;24072,58;325957,81;24072,58;301885,23;24072,58;277812,65;24072,58;253740,07;24072,58;229667,49;24072,58;205594,91;10996,44;194598,47;10897,03;183701,44;9181,44;174520,00;5446,91;169073,09;1807,98;167265,11;1807,98;165457,13;1807,98
Подъезд к с. Горный Зерентуй;3144700,00;1331,75;1331,75;30,58;1301,17;30,58;1270,59;30,58;1240,01;30,58;1209,43;30,58;1178,85;30,58;1148,27;30,58;1117,69;30,58;1087,11;30,58;1056,53;30,58;1025,95;30,58;995,37;30,58;964,79;30,58
Подъезд к с. Гунэй;13339997,00;331989,60;331989,60;14817,83;317171,77;10916,96;306254,81;10916,96;295337,85;10895,00;284442,85;10836,28;273606,57;10822,28;262784,29;10800,28;251984,01;10800,28;241183,73;10800,28;230383,45;10800,28;219583,17;10800,28;208782,89;10800,28;197982,61;10800,28
Подъезд к с. Дунаево;914291,00;0,00;0,00;0,00;0,00;0,00;0,00;0,00;0,00;0,00;0,00;0,00;0,00;0,00;0,00;0,00;0,00;0,00;0,00;0,00;0,00;0,00;0,00;0,00;0,00;0,00;0,00;0,00
Подъезд к с. Дурой;1167496,00;0,00;0,00;0,00;0,00;0,00;0,00;0,00;0,00;0,00;0,00;0,00;0,00;0,00;0,00;0,00;0,00;0,00;0,00;0,00;0,00;0,00;0,00;0,00;0,00;0,00;0,00;0,00
Подъезд к с. Елизаветино;75622178,52;1661457,32;1661457,32;89402,07;1572055,25;89402,07;1482653,18;89402,07;1393251,11;89402,07;1303849,04;89402,07;1214446,97;89402,07;1125044,90;89402,07;1035642,83;89402,07;946240,76;89402,07;856838,69;89402,07;767436,62;89402,07;678034,55;89402,07;588632,48;89402,07
Подъезд к с. Зюльзя;19828190,12;226726,21;226726,21;10317,63;216408,58;10317,63;206090,95;10317,63;195773,32;10317,63;185455,69;10317,63;175138,06;10317,63;164820,43;10317,63;154502,80;10317,63;144185,17;10317,63;133867,54;10317,63;123549,91;10317,63;113232,28;10317,63;102914,65;10317,63
Подъезд к с. Илим;16964981,00;11093,73;11093,73;1431,34;9662,39;1431,34;8231,05;1431,34;6799,71;1431,34;5368,37;1431,34;3937,03;1431,34;2505,69;1431,34;1074,35;1074,35;0,00;0,00;0,00;0,00;0,00;0,00;0,00;0,00;0,00;0,00
Подъезд к с. Казаковский Промысел;565508,00;0,00;0,00;0,00;0,00;0,00;0,00;0,00;0,00;0,00;0,00;0,00;0,00;0,00;0,00;0,00;0,00;0,00;0,00;0,00;0,00;0,00;0,00;0,00;0,00;0,00;0,00;0,00
Подъезд к с. Казаново (восточный);313633,64;29618,62;29618,62;424,65;29193,97;424,65;28769,32;424,65;28344,67;424,65;27920,02;424,65;27495,37;424,65;27070,72;424,65;26646,07;424,65;26221,42;424,65;25796,77;424,65;25372,12;424,65;24947,47;424,65;24522,82;424,65
Подъезд к с. Кактолга;9831552,00;897430,78;897430,78;46284,76;851146,02;46284,76;804861,26;46284,76;758576,50;46284,76;712291,74;46284,76;666006,98;46284,76;619722,22;46284,76;573437,46;46284,76;527152,70;46284,76;480867,94;46284,76;434583,18;46284,76;388298,42;46284,76;342013,66;46284,76
Подъезд к с. Катаево;3109599,89;0,00;0,00;0,00;0,00;0,00;0,00;0,00;0,00;0,00;0,00;0,00;0,00;0,00;0,00;0,00;0,00;0,00;0,00;0,00;0,00;0,00;0,00;0,00;0,00;0,00;0,00;0,00
Подъезд к с. Ключевское;2996784,00;34249,46;34249,46;1149,09;33100,37;642,88;32457,49;642,88;31814,61;642,88;31171,73;591,02;30580,71;558,69;30022,02;558,69;29463,33;558,69;28904,64;558,69;28345,95;558,69;27787,26;558,69;27228,57;558,69;26669,88;558,69
Подъезд к с. Козлово;13891484,00;1594868,89;1594868,89;64450,12;1530418,77;64419,93;1465998,84;64419,93;1401578,91;64307,71;1337271,20;64039,03;1273232,17;64039,03;1209193,14;64039,03;1145154,11;64039,03;1081115,08;63623,88;1017491,20;62941,63;954549,57;62738,15;891811,42;62738,15;829073,27;62738,15
Подъезд к с. Кокуй 2-й;285206,80;0,00;0,00;0,00;0,00;0,00;0,00;0,00;0,00;0,00;0,00;0,00;0,00;0,00;0,00;0,00;0,00;0,00;0,00;0,00;0,00;0,00;0,00;0,00;0,00;0,00;0,00;0,00
Подъезд к с. Красная Ималка;5594380,68;2127,77;2127,77;26,33;2101,44;26,33;2075,11;26,33;2048,78;26,33;2022,45;26,33;1996,12;26,33;1969,79;26,33;1943,46;26,33;1917,13;26,33;1890,80;26,33;1864,47;26,33;1838,14;26,33;1811,81;26,33
Подъезд к с. Красный Великан;7212310,12;137766,13;137766,13;2421,61;135344,52;2421,61;132922,91;2421,61;130501,30;2421,61;128079,69;2421,61;125658,08;2421,61;123236,47;2421,61;120814,86;2421,61;118393,25;2421,61;115971,64;2421,61;113550,03;2421,61;111128,42;2421,61;108706,81;2230,68
Подъезд к с. Кука (курорт);2489067,74;195961,45;195961,45;13212,60;182748,85;13212,60;169536,25;13212,60;156323,65;13212,60;143111,05;13212,60;129898,45;13212,60;116685,85;13212,60;103473,25;13212,60;90260,65;9252,74;81007,91;5275,10;75732,81;5275,10;70457,71;5275,10;65182,61;5275,10
Подъезд к с. Кулан;90682675,92;11885412,59;11885412,59;508712,07;11376700,52;508712,07;10867988,45;508712,07;10359276,38;508712,07;9850564,31;508712,07;9341852,24;508712,07;8833140,17;508712,07;8324428,10;508712,07;7815716,03;508712,07;7307003,96;508712,07;6798291,89;508712,07;6289579,82;508712,07;5780867,75;413780,77
Подъезд к с. Кункур;3976643,00;15740,54;15740,54;15740,54;0,00;0,00;0,00;0,00;0,00;0,00;0,00;0,00;0,00;0,00;0,00;0,00;0,00;0,00;0,00;0,00;0,00;0,00;0,00;0,00;0,00;0,00;0,00;0,00
Подъезд к с. Курильжа;3302627,00;91023,12;91023,12;1522,95;89500,17;1522,95;87977,22;1522,95;86454,27;1522,95;84931,32;1522,95;83408,37;1522,95;81885,42;1522,95;80362,47;1522,95;78839,52;1522,95;77316,57;1522,95;75793,62;1522,95;74270,67;1522,95;72747,72;1522,95
Подъезд к с. Курлыч;4598962,00;103214,87;103214,87;2636,66;100578,21;2299,50;98278,71;2299,50;95979,21;2299,50;93679,71;2299,50;91380,21;2299,50;89080,71;2299,50;86781,21;2299,50;84481,71;2299,50;82182,21;2299,50;79882,71;2299,50;77583,21;2299,50;75283,71;2299,50
Подъезд к с. Курулга;798885,00;7043,79;7043,79;188,15;6855,64;188,15;6667,49;188,15;6479,34;188,15;6291,19;188,15;6103,04;188,15;5914,89;188,15;5726,74;188,15;5538,59;188,15;5350,44;188,15;5162,29;188,15;4974,14;188,15;4785,99;188,15
Подъезд к с. Кутугай;1100930,00;0,00;0,00;0,00;0,00;0,00;0,00;0,00;0,00;0,00;0,00;0,00;0,00;0,00;0,00;0,00;0,00;0,00;0,00;0,00;0,00;0,00;0,00;0,00;0,00;0,00;0,00;0,00
Подъезд к с. Кыкер;909164,60;28056,85;28056,85;3545,94;24510,91;3545,94;20964,97;3545,94;17419,03;3545,94;13873,09;3545,94;10327,15;3545,94;6781,21;3545,94;3235,27;3235,27;0,00;0,00;0,00;0,00;0,00;0,00;0,00;0,00;0,00;0,00
Подъезд к с. Левые Кумаки;3580095,00;20185,20;20185,20;578,45;19606,75;578,45;19028,30;578,45;18449,85;578,45;17871,40;578,45;17292,95;578,45;16714,50;578,45;16136,05;578,45;15557,60;578,45;14979,15;578,45;14400,70;578,45;13822,25;578,45;13243,80;578,45
Подъезд к с. Любовь;3456225,00;0,00;0,00;0,00;0,00;0,00;0,00;0,00;0,00;0,00;0,00;0,00;0,00;0,00;0,00;0,00;0,00;0,00;0,00;0,00;0,00;0,00;0,00;0,00;0,00;0,00;0,00;0,00
Подъезд к с. Манкечур;1542000,00;248565,64;248565,64;3675,01;244890,63;3675,01;241215,62;3675,01;237540,61;3675,01;233865,60;3675,01;230190,59;3675,01;226515,58;3675,01;222840,57;3675,01;219165,56;3675,01;215490,55;3675,01;211815,54;3675,01;208140,53;3675,01;204465,52;3675,01
Подъезд к с. Матусово;1050279,00;0,00;0,00;0,00;0,00;0,00;0,00;0,00;0,00;0,00;0,00;0,00;0,00;0,00;0,00;0,00;0,00;0,00;0,00;0,00;0,00;0,00;0,00;0,00;0,00;0,00;0,00;0,00
Подъезд к с. Митрофаново;200382692,20;108345668,77;108345668,77;1687545,29;106658123,48;1687545,29;104970578,19;1687545,29;103283032,90;1685077,14;101597955,76;1683507,90;99914447,86;1683507,90;98230939,96;1683507,90;96547432,06;1683507,90;94863924,16;1683507,90;93180416,26;1683507,90;91496908,36;1683507,90;89813400,46;1683507,90;88129892,56;1683507,90
Подъезд к с. Михайло-Павловск;14844066,00;482627,26;482627,26;4558,78;478068,48;4558,78;473509,70;4558,78;468950,92;4558,78;464392,14;4558,78;459833,36;4558,78;455274,58;4558,78;450715,80;4558,78;446157,02;4558,78;441598,24;4558,78;437039,46;4558,78;432480,68;4558,78;427921,90;4558,78
Подъезд к с. Мулино;326000,00;36700,51;36700,51;525,00;36175,51;525,00;35650,51;525,00;35125,51;525,00;34600,51;525,00;34075,51;525,00;33550,51;525,00;33025,51;525,00;32500,51;525,00;31975,51;525,00;31450,51;525,00;30925,51;525,00;30400,51;525,00
Подъезд к с. Нижние Ключи;1630932,00;53232,03;53232,03;2698,56;50533,47;2698,56;47834,91;2698,56;45136,35;2698,56;42437,79;2698,56;39739,23;2698,56;37040,67;2698,56;34342,11;2698,56;31643,55;2698,56;28944,99;2698,56;26246,43;2698,56;23547,87;2698,56;20849,31;2698,56
Подъезд к с. Нижний Ильдикан;1378491,00;0,00;0,00;0,00;0,00;0,00;0,00;0,00;0,00;0,00;0,00;0,00;0,00;0,00;0,00;0,00;0,00;0,00;0,00;0,00;0,00;0,00;0,00;0,00;0,00;0,00;0,00;0,00
Подъезд к с. Нижний Калгукан - Верхний Калгукан;5363221,86;526202,68;526202,68;27027,61;499175,07;27027,61;472147,46;27027,61;445119,85;27027,61;418092,24;27027,61;391064,63;27027,61;364037,02;27027,61;337009,41;27027,61;309981,80;27027,61;282954,19;27027,61;255926,58;26836,83;229089,75;26811,49;202278,26;26811,49
Подъезд к с. Николаевка;731142,00;135709,51;135709,51;1671,43;134038,08;1671,43;132366,65;1671,43;130695,22;1671,43;129023,79;1671,43;127352,36;1671,43;125680,93;1671,43;124009,50;1671,43;122338,07;1671,43;120666,64;1671,43;118995,21;1671,43;117323,78;1671,43;115652,35;1671,43
Подъезд к с. Новоильинск;3693732,14;43933,67;43933,67;1477,10;42456,57;1477,10;40979,47;1477,10;39502,37;1477,10;38025,27;1477,10;36548,17;1477,10;35071,07;1477,10;33593,97;1477,10;32116,87;1477,10;30639,77;1477,10;29162,67;1477,10;27685,57;1477,10;26208,47;1477,10
Подъезд к с. Новотроицк;2930068,09;0,00;0,00;0,00;0,00;0,00;0,00;0,00;0,00;0,00;0,00;0,00;0,00;0,00;0,00;0,00;0,00;0,00;0,00;0,00;0,00;0,00;0,00;0,00;0,00;0,00;0,00;0,00
Подъезд к с. Новый Акатуй;669000,00;52966,19;52966,19;787,49;52178,70;787,49;51391,21;787,49;50603,72;787,49;49816,23;787,49;49028,74;787,49;48241,25;787,49;47453,76;787,49;46666,27;787,49;45878,78;787,49;45091,29;787,49;44303,80;787,49;43516,31;787,49
Подъезд к с. Новый Олов;12388113,10;545466,30;545466,30;14560,01;530906,29;14560,01;516346,28;14560,01;501786,27;14560,01;487226,26;14560,01;472666,25;14560,01;458106,24;14560,01;443546,23;14560,01;428986,22;14404,58;414581,64;13940,70;400640,94;13940,70;386700,24;13886,96;372813,28;11942,44
Подъезд к с. Номоконово;531405,00;0,00;0,00;0,00;0,00;0,00;0,00;0,00;0,00;0,00;0,00;0,00;0,00;0,00;0,00;0,00;0,00;0,00;0,00;0,00;0,00;0,00;0,00;0,00;0,00;0,00;0,00;0,00
Подъезд к с. Нуринск;5267502,00;510078,27;510078,27;26685,58;483392,69;24393,48;458999,21;24393,48;434605,73;24393,48;410212,25;24393,48;385818,77;24393,48;361425,29;24393,48;337031,81;24393,48;312638,33;24393,48;288244,85;24393,48;263851,37;24393,48;239457,89;24393,48;215064,41;24393,48
Подъезд к с. Олекан;214611571,83;92143605,73;92143605,73;1501115,30;90642490,43;1501115,30;89141375,13;1501115,30;87640259,83;1501115,30;86139144,53;1501115,30;84638029,23;1501115,30;83136913,93;1501115,30;81635798,63;1501115,30;80134683,33;1501115,30;78633568,03;1501115,30;77132452,73;1501115,30;75631337,43;1501115,26;74130222,17;1395748,24
Подъезд к с. Онон-Борзя;31092362,03;9911280,34;9911280,34;151026,58;9760253,76;150699,28;9609554,48;150699,28;9458855,20;150699,28;9308155,92;150699,28;9157456,64;150699,28;9006757,36;150699,28;8856058,08;150699,28;8705358,80;150699,28;8554659,52;150699,28;8403960,24;150699,28;8253260,96;150699,28;8102561,68;150699,28
Подъезд к с. Ононское;1351431,00;0,00;0,00;0,00;0,00;0,00;0,00;0,00;0,00;0,00;0,00;0,00;0,00;0,00;0,00;0,00;0,00;0,00;0,00;0,00;0,00;0,00;0,00;0,00;0,00;0,00;0,00;0,00
Подъезд к с. Сивяково;21532225,03;0,00;0,00;0,00;0,00;0,00;0,00;0,00;0,00;0,00;0,00;0,00;0,00;0,00;0,00;0,00;0,00;0,00;0,00;0,00;0,00;0,00;0,00;0,00;0,00;0,00;0,00;0,00
Подъезд к с. Средняя Борзя;10164529,00;1249189,17;1249189,17;46499,10;1202690,07;46499,10;1156190,97;46499,10;1109691,87;46499,10;1063192,77;46499,10;1016693,67;46499,10;970194,57;46499,10;923695,47;46499,10;877196,37;45629,16;831567,21;44837,10;786730,11;44837,10;741893,01;44837,10;697055,91;44837,10
Подъезд к с. Староцурухайтуй;65715023,34;14958309,63;14958309,63;190830,57;14767479,06;190830,57;14576648,49;190830,57;14385817,92;190830,57;14194987,35;190830,57;14004156,78;190830,57;13813326,21;190830,57;13622495,64;190830,57;13431665,07;190830,57;13240834,50;190830,57;13050003,93;190830,57;12859173,36;190830,57;12668342,79;190830,57
Подъезд к с. Степной;627240,00;13289,45;13289,45;184,00;13105,45;184,00;12921,45;184,00;12737,45;184,00;12553,45;184,00;12369,45;184,00;12185,45;184,00;12001,45;184,00;11817,45;184,00;11633,45;184,00;11449,45;184,00;11265,45;184,00;11081,45;184,00
Подъезд к с. Сыпчегур;27306506,40;8211126,34;8211126,34;107191,39;8103934,95;107191,39;7996743,56;107191,39;7889552,17;107191,39;7782360,78;107191,39;7675169,39;107191,39;7567978,00;107191,39;7460786,61;97721,74;7363064,87;83077,15;7279987,72;83077,15;7196910,57;83077,15;7113833,42;83077,15;7030756,27;83077,15
Подъезд к с. Талман-Борзя;4165771,87;0,00;0,00;0,00;0,00;0,00;0,00;0,00;0,00;0,00;0,00;0,00;0,00;0,00;0,00;0,00;0,00;0,00;0,00;0,00;0,00;0,00;0,00;0,00;0,00;0,00;0,00;0,00
Подъезд к с. Тарбагатай;7932534,44;0,00;0,00;0,00;0,00;0,00;0,00;0,00;0,00;0,00;0,00;0,00;0,00;0,00;0,00;0,00;0,00;0,00;0,00;0,00;0,00;0,00;0,00;0,00;0,00;0,00;0,00;0,00
Подъезд к с. Узон;7738651,00;45462,26;45462,26;779,75;44682,51;779,75;43902,76;779,75;43123,01;779,75;42343,26;779,75;41563,51;779,75;40783,76;779,75;40004,01;779,75;39224,26;779,75;38444,51;779,75;37664,76;779,75;36885,01;779,75;36105,26;779,75
Подъезд к с. Укурей;9164960,00;457137,07;457137,07;9331,00;447806,07;9331,00;438475,07;9331,00;429144,07;9331,00;419813,07;9331,00;410482,07;9331,00;401151,07;9331,00;391820,07;9331,00;382489,07;9331,00;373158,07;9331,00;363827,07;9331,00;354496,07;9331,00;345165,07;9331,00
Подъезд к с. Улача;1073628,00;77817,34;77817,34;5038,36;72778,98;5038,36;67740,62;5038,36;62702,26;5038,36;57663,90;5038,36;52625,54;5038,36;47587,18;5038,36;42548,82;5038,36;37510,46;5038,36;32472,10;5038,36;27433,74;5038,36;22395,38;5038,36;17357,02;5038,36
Подъезд к с. Улеты;2628105,00;0,00;0,00;0,00;0,00;0,00;0,00;0,00;0,00;0,00;0,00;0,00;0,00;0,00;0,00;0,00;0,00;0,00;0,00;0,00;0,00;0,00;0,00;0,00;0,00;0,00;0,00;0,00
Подъезд к с. Ульякан;247566010,00;235187709,64;235187709,64;1031525,03;234156184,61;1031525,03;233124659,58;1031525,03;232093134,55;1031525,03;231061609,52;1031525,03;230030084,49;1031525,03;228998559,46;1031525,03;227967034,43;1031525,03;226935509,40;1031525,03;225903984,37;1031525,03;224872459,34;1031525,03;223840934,31;1031525,03;222809409,28;1031525,03
Подъезд к с. Урейск;235533,00;34687,29;34687,29;532,74;34154,55;532,74;33621,81;532,74;33089,07;532,74;32556,33;532,74;32023,59;532,74;31490,85;532,74;30958,11;532,74;30425,37;532,74;29892,63;532,74;29359,89;532,74;28827,15;532,74;28294,41;532,74
Подъезд к с. Урульга;7310961,00;144059,50;144059,50;4520,53;139538,97;4520,53;135018,44;4520,53;130497,91;4520,53;125977,38;4520,53;121456,85;4520,53;116936,32;4520,53;112415,79;4520,53;107895,26;4520,53;103374,73;4520,53;98854,20;4520,53;94333,67;4520,53;89813,14;4520,53
Подъезд к с. Усть-Теленгуй;1321716,00;0,00;0,00;0,00;0,00;0,00;0,00;0,00;0,00;0,00;0,00;0,00;0,00;0,00;0,00;0,00;0,00;0,00;0,00;0,00;0,00;0,00;0,00;0,00;0,00;0,00;0,00;0,00
Подъезд к с. Хада-Булак;2802173,27;46764,29;46764,29;1589,83;45174,46;1589,83;43584,63;1589,83;41994,80;1589,83;40404,97;1589,83;38815,14;1589,83;37225,31;1589,83;35635,48;1589,83;34045,65;1589,83;32455,82;1589,83;30865,99;1589,83;29276,16;1589,83;27686,33;1589,83
Подъезд к с. Харауз;2714465,00;2737,36;2737,36;42,09;2695,27;42,09;2653,18;42,09;2611,09;42,09;2569,00;42,09;2526,91;42,09;2484,82;42,09;2442,73;42,09;2400,64;42,09;2358,55;42,09;2316,46;42,09;2274,37;42,09;2232,28;42,09
Подъезд к с. Холуй-База;4811177,00;6892,58;6892,58;86,77;6805,81;86,77;6719,04;86,77;6632,27;86,77;6545,50;86,77;6458,73;86,77;6371,96;86,77;6285,19;86,77;6198,42;86,77;6111,65;86,77;6024,88;86,77;5938,11;86,77;5851,34;86,77
Подъезд к с. Цаган-Челутай;1983385,00;0,00;0,00;0,00;0,00;0,00;0,00;0,00;0,00;0,00;0,00;0,00;0,00;0,00;0,00;0,00;0,00;0,00;0,00;0,00;0,00;0,00;0,00;0,00;0,00;0,00;0,00;0,00
Подъезд к с. Цугол;20512103,32;0,00;0,00;0,00;0,00;0,00;0,00;0,00;0,00;0,00;0,00;0,00;0,00;0,00;0,00;0,00;0,00;0,00;0,00;0,00;0,00;0,00;0,00;0,00;0,00;0,00;0,00;0,00
Подъезд к с. Челутай;4711544,00;570999,08;570999,08;25668,67;545330,41;25668,67;519661,74;25668,67;493993,07;25668,67;468324,40;25668,67;442655,73;25668,67;416987,06;25668,67;391318,39;24218,17;367100,22;20668,67;346431,55;20668,67;325762,88;20668,67;305094,21;20668,67;284425,54;20668,67
Подъезд к с. Чингильтуй;2562961,00;115299,13;115299,13;4252,40;111046,73;4252,40;106794,33;4252,40;102541,93;4252,40;98289,53;4252,40;94037,13;4252,40;89784,73;4252,40;85532,33;4252,40;81279,93;4166,41;77113,52;4087,40;73026,12;4087,40;68938,72;4087,40;64851,32;4087,40
Подъезд к с. Чиндагатай;1740,00;197,81;197,81;3,78;194,03;3,78;190,25;3,78;186,47;3,78;182,69;3,78;178,91;3,78;175,13;3,78;171,35;3,78;167,57;3,78;163,79;3,78;160,01;3,78;156,23;3,78;152,45;3,78
Подъезд к с. Чиндант 1-й;793295,00;490,21;490,21;6,45;483,76;6,45;477,31;6,45;470,86;6,45;464,41;6,45;457,96;6,45;451,51;6,45;445,06;6,45;438,61;6,45;432,16;6,45;425,71;6,45;419,26;6,45;412,81;6,45
Подъезд к с. Чиндант 2-й;7817983,00;7454,37;7454,37;696,45;6757,92;696,45;6061,47;696,45;5365,02;696,45;4668,57;696,45;3972,12;696,45;3275,67;696,45;2579,22;696,45;1882,77;696,45;1186,32;696,45;489,87;489,87;0,00;0,00;0,00;0,00
Подъезд к с. Шара;5201552,00;37477,70;37477,70;8293,17;29184,53;8293,17;20891,36;8293,17;12598,19;6028,72;6569,47;921,23;5648,24;921,23;4727,01;921,23;3805,78;921,23;2884,55;508,34;2376,21;156,23;2219,98;156,23;2063,75;156,23;1907,52;156,23
Подъезд к с. Шивия;1648644,00;25,12;25,12;7,47;17,65;7,47;10,18;7,47;2,71;2,71;0,00;0,00;0,00;0,00;0,00;0,00;0,00;0,00;0,00;0,00;0,00;0,00;0,00;0,00;0,00;0,00;0,00;0,00
Подъезд к с. Широкая;3825717,00;235865,22;235865,22;9273,12;226592,10;9273,12;217318,98;9273,12;208045,86;9273,12;198772,74;9273,12;189499,62;9273,12;180226,50;9273,12;170953,38;9273,12;161680,26;9273,12;152407,14;4406,41;148000,73;4000,03;144000,70;4000,03;140000,67;4000,03
Подъезд к с. Шишкино;28771308,86;4014,69;4014,69;498,00;3516,69;498,00;3018,69;498,00;2520,69;498,00;2022,69;498,00;1524,69;498,00;1026,69;498,00;528,69;498,00;30,69;30,69;0,00;0,00;0,00;0,00;0,00;0,00;0,00;0,00
Подъезд к с. Энгорок;10516197,00;0,00;0,00;0,00;0,00;0,00;0,00;0,00;0,00;0,00;0,00;0,00;0,00;0,00;0,00;0,00;0,00;0,00;0,00;0,00;0,00;0,00;0,00;0,00;0,00;0,00;0,00;0,00
Подъезд к с. Южный Аргалей;126562,00;2,55;2,55;2,55;0,00;0,00;0,00;0,00;0,00;0,00;0,00;0,00;0,00;0,00;0,00;0,00;0,00;0,00;0,00;0,00;0,00;0,00;0,00;0,00;0,00;0,00;0,00;0,00
Подъезд к с. Явленка;2220436,00;34249,51;34249,51;518,01;33731,50;518,01;33213,49;518,01;32695,48;518,01;32177,47;518,01;31659,46;518,01;31141,45;518,01;30623,44;518,01;30105,43;518,01;29587,42;518,01;29069,41;518,01;28551,40;518,01;28033,39;518,01
"Подъезд к спортивно-оздоровительному комплексу ""Высокогорье""";67435603,76;440411,51;440411,51;18505,22;421906,29;15264,99;406641,30;15264,99;391376,31;15264,99;376111,32;15264,99;360846,33;15264,99;345581,34;15264,99;330316,35;15264,99;315051,36;15264,99;299786,37;15264,99;284521,38;15264,99;269256,39;15264,99;253991,40;15264,99
Подъезд к ст. Сретенск;1325123,00;11710,05;11710,05;1794,21;9915,84;1794,21;8121,63;1794,21;6327,42;1649,90;4677,52;1327,76;3349,76;1312,63;2037,13;849,69;1187,44;547,88;639,56;425,18;214,38;214,38;0,00;0,00;0,00;0,00;0,00;0,00
Приаргунск - Зоргол;15709043,00;1011590,32;1011590,32;17399,46;994190,86;9424,45;984766,41;9424,45;975341,96;9424,45;965917,51;9424,45;956493,06;9424,45;947068,61;9424,45;937644,16;9424,45;928219,71;9424,45;918795,26;9424,45;909370,81;9424,45;899946,36;9424,45;890521,91;9424,45
Смоленка - Карповка;144740344,79;41619659,69;41619659,69;762840,14;40856819,55;762840,14;40093979,41;762840,14;39331139,27;762840,14;38568299,13;762840,14;37805458,99;762840,14;37042618,85;762840,14;36279778,71;762840,14;35516938,57;762840,14;34754098,43;757405,21;33996693,22;743592,40;33253100,82;743592,40;32509508,42;743592,40
Сретенск - Бори;198567397,60;51033463,47;51033463,47;1061454,91;49972008,56;1061429,09;48910579,47;1061267,05;47849312,42;1061267,05;46788045,37;1061267,05;45726778,32;1061267,05;44665511,27;1060761,92;43604749,35;1059511,12;42545238,23;1058400,33;41486837,90;1044880,03;40441957,87;985766,26;39456191,61;985766,26;38470425,35;985766,26
Степь - Ортуй - Кусоча;8736933,00;23277,75;23277,75;543,61;22734,14;543,61;22190,53;543,61;21646,92;543,61;21103,31;543,61;20559,70;543,61;20016,09;460,60;19555,49;460,39;19095,10;412,67;18682,43;390,03;18292,40;390,03;17902,37;390,03;17512,34;390,03
Сыпчегур - Ленинский;1482361,00;423833,74;423833,74;7791,06;416042,68;7791,06;408251,62;7791,06;400460,56;7791,06;392669,50;7791,06;384878,44;7791,06;377087,38;7791,06;369296,32;7791,06;361505,26;7791,06;353714,20;7791,06;345923,14;7791,06;338132,08;7791,06;330341,02;7791,06
Танга - Ленинский;10959505,00;32641,97;32641,97;1436,80;31205,17;1436,80;29768,37;1436,80;28331,57;1436,80;26894,77;1436,80;25457,97;1436,80;24021,17;1436,80;22584,37;1436,80;21147,57;1436,80;19710,77;1436,80;18273,97;1002,76;17271,21;569,84;16701,37;569,84
Таптанай - Зуткулей;10220915,53;354137,75;354137,75;12032,19;342105,56;12032,19;330073,37;11981,13;318092,24;11938,52;306153,72;11938,52;294215,20;11938,52;282276,68;11938,52;270338,16;11938,52;258399,64;11938,52;246461,12;11923,20;234537,92;11891,08;222646,84;11891,08;210755,76;11891,08
Таптанай - Чиндалей - Токчин;11471033,95;188330,32;188330,32;6350,17;181980,15;6350,17;175629,98;6350,17;169279,81;6350,17;162929,64;6350,17;156579,47;6350,17;150229,30;6350,17;143879,13;6350,17;137528,96;6350,17;131178,79;6294,51;124884,28;2671,83;122212,45;2671,83;119540,62;2656,19
Тупик - Заречное;6963333,00;377804,88;377804,88;8329,63;369475,25;8329,63;361145,62;8329,63;352815,99;8329,63;344486,36;8329,63;336156,73;8329,63;327827,10;8329,63;319497,47;8329,63;311167,84;8329,63;302838,21;8329,63;294508,58;8329,63;286178,95;8329,63;277849,32;8329,63
Улан-Удэ - Романовка - Чита;636545564,97;505779995,75;505779995,75;2074695,70;503705300,05;2073472,59;501631827,46;2073472,59;499558354,87;2073472,59;497484882,28;2069944,88;495414937,40;2068586,55;493346350,85;2068586,55;491277764,30;2068586,55;489209177,75;2068586,55;487140591,20;1733442,94;485407148,26;1635323,44;483771824,82;1635323,44;482136501,38;1635323,44
Улан-Цацык - Хара-Бырка;6930134,00;304972,88;304972,88;8056,59;296916,29;8056,59;288859,70;8056,59;280803,11;8056,59;272746,52;8056,59;264689,93;8056,59;256633,34;8056,59;248576,75;8056,59;240520,16;8056,59;232463,57;8056,59;224406,98;8056,59;216350,39;8056,59;208293,80;8056,59
Улеты - Могзон;35980157,00;1021439,24;1021439,24;15436,82;1006002,42;15436,82;990565,60;15436,82;975128,78;15404,08;959724,70;15380,82;944343,88;15380,82;928963,06;15380,82;913582,24;15380,82;898201,42;15380,82;882820,60;15239,22;867581,38;15021,72;852559,66;15021,72;837537,94;15021,72
Урдо-Ага - Хойто-Ага;8681022,00;1449720,15;1449720,15;37577,40;1412142,75;37577,40;1374565,35;37577,40;1336987,95;37577,40;1299410,55;37577,40;1261833,15;37577,40;1224255,75;37577,40;1186678,35;37577,40;1149100,95;37577,40;1111523,55;37577,40;1073946,15;37577,40;1036368,75;37577,40;998791,35;37577,40
Урулюнгуй - Кличка;19038786,00;275086,99;275086,99;5486,06;269600,93;5486,06;264114,87;5486,06;258628,81;5486,06;253142,75;5486,06;247656,69;5486,06;242170,63;5486,06;236684,57;5486,06;231198,51;5486,06;225712,45;5486,06;220226,39;5486,06;214740,33;5486,06;209254,27;5486,06
Усугли - Тунгокочен;126607530,09;25013701,88;25013701,88;489078,66;24524623,22;489039,21;24035584,01;488432,04;23547151,97;474280,29;23072871,68;474164,83;22598706,85;473997,26;22124709,59;473975,76;21650733,83;453186,31;21197547,52;236752,13;20960795,39;236714,77;20724080,62;236687,23;20487393,39;236687,23;20250706,16;236687,23
Чара - Чапо-Олого;587541733,80;333304077,12;333304077,12;2600232,00;330703845,12;2600232,00;328103613,12;2600232,00;325503381,12;2600232,00;322903149,12;2600232,00;320302917,12;2600232,00;317702685,12;2600232,00;315102453,12;2600232,00;312502221,12;2600232,00;309901989,12;2600232,00;307301757,12;2600232,00;304701525,12;2600232,00;302101293,12;2600232,00
Чернышевск - Букачача;33349137,00;5502969,53;5502969,53;153083,48;5349886,05;153083,48;5196802,57;153083,48;5043719,09;153083,48;4890635,61;153083,48;4737552,13;153083,48;4584468,65;153083,48;4431385,17;153083,48;4278301,69;153083,48;4125218,21;152506,64;3972711,57;151040,71;3821670,86;151004,71;3670666,15;149694,72
Чернышевск - Икшица;6898464,00;958376,42;958376,42;36324,79;922051,63;36324,79;885726,84;36324,79;849402,05;36324,79;813077,26;36324,79;776752,47;36324,79;740427,68;36324,79;704102,89;36324,79;667778,10;36324,79;631453,31;36324,79;595128,52;36324,79;558803,73;36324,79;522478,94;36324,79
Чита - Ингода;92850541,61;9039730,30;9039730,30;306197,82;8733532,48;306197,82;8427334,66;306197,82;8121136,84;306197,82;7814939,02;306197,82;7508741,20;306197,82;7202543,38;306197,82;6896345,56;306197,82;6590147,74;306197,82;6283949,92;306197,82;5977752,10;306197,82;5671554,28;306197,66;5365356,62;149038,08
Шелопугино - Балей;50080353,78;2228837,11;2228837,11;58123,90;2170713,21;58123,90;2112589,31;51980,67;2060608,64;51673,41;2008935,23;51673,41;1957261,82;51635,91;1905625,91;51634,06;1853991,85;51634,06;1802357,79;51634,06;1750723,73;51634,06;1699089,67;51634,06;1647455,61;51634,06;1595821,55;51634,06
Ядрихино - Усть-Жергей;1247101,00;52563,76;52563,76;5139,09;47424,67;5139,09;42285,58;5139,09;37146,49;5139,09;32007,40;2804,57;29202,83;2043,42;27159,41;1235,61;25923,80;261,70;25662,10;261,70;25400,40;261,70;25138,70;261,70;24877,00;261,70;24615,30;261,70
